name,brandName,discountPercent,new_price,old_price,rating,rating_count,segment_name,brickNameText,url
Printed A-line Dress,SAKURA,0%,1899.00,1899.00,3.9,2.6000,Women,Dresses & Gowns,/sakura-printed-a-line-dress/p/460964547_green
Women Printed A-Line Dress,YOUSTA,0%,599.00,599.00,3.7,10,Women,Dresses & Gowns,/yousta-women-printed-a-line-dress/p/442525801_rust
Polka-Dot Print Waist Tie-Up Flared Dress,House Of Kkarma,51,1715.00,3499.00,3.8,91,Women,Dresses & Gowns,/house-of-kkarma-polka-dot-print-waist-tie-up-flared-dress/p/465235108_green
Women Embroidered Flared Dress,FUSION,0%,1299.00,1299.00,3.6,17,Women,Dresses & Gowns,/fusion-women-embroidered-flared-dress/p/443032663_offwhite
Floral Embroidered Layered Dress,AVAASA SET,52,1416.00,2949.00,3.5,235,Women,Dresses & Gowns,/avaasa-set-floral-embroidered-layered-dress/p/443008227_aqua
Striped Tiered Dress,YOUSTA,0%,699.00,699.00,3,9,Women,Dresses & Gowns,/yousta-striped-tiered-dress/p/442251927_red
Women Printed Fit & Flare Dress,FUSION,0%,1499.00,1499.00,3.7,10,Women,Dresses & Gowns,/fusion-women-printed-fit--flare-dress/p/443025500_offwhite
Women Paisley Print Fit & Flare Dress,FUSION,0%,1299.00,1299.00,3.8,18,Women,Dresses & Gowns,/fusion-women-paisley-print-fit--flare-dress/p/443035829_white
Women Printed Fit & Flare Dress with Waist Tie-Up,FUSION,29,780.00,1099.00,4.4,105,Women,Dresses & Gowns,/fusion-women-printed-fit--flare-dress-with-waist-tie-up/p/443027900_black
Embroidered Yoke Flared Dress,AVAASA SET,49,1300.00,2549.00,4.2,250,Women,Dresses & Gowns,/avaasa-set-embroidered-yoke-flared-dress/p/443020842_red
Schiffli Embroidered Fit & Flare Dress,Svrnaa,0%,3599.00,3599.00,4.2,5,Women,Dresses & Gowns,/svrnaa-schiffli-embroidered-fit--flare-dress/p/443028248_white
Women Floral Print High-Low Fit & Flare Dress,FUSION,29,709.00,999.00,3,6,Women,Dresses & Gowns,/fusion-women-floral-print-high-low-fit--flare-dress/p/443025123_offwhite
Embellished Fit & Flare Dress with Inner,AVAASA SET,49,2116.00,4149.00,3.9,162,Women,Dresses & Gowns,/avaasa-set-embellished-fit--flare-dress-with-inner/p/443020380_rosegold
Geometric Print Fit & Flare Dress,Stylum,65,700.00,1999.00,3.4,254,Women,Dresses & Gowns,/stylum-geometric-print-fit--flare-dress/p/463813532_black
Floral Print A-Line Dress,FUSION,29,1313.00,1849.00,4,67,Women,Dresses & Gowns,/fusion-floral-print-a-line-dress/p/443021204_navy
Women Floral Print Fit & Flare Dress,BLACK SCISSOR,78,1000.00,4545.00,2.9,83,Women,Dresses & Gowns,/black-scissor-women-floral-print-fit--flare-dress/p/467114163_black
Ombre-Dyed Gown Dress,BLACK SCISSOR,72,1120.00,3999.00,3.4,49,Women,Dresses & Gowns,/black-scissor-ombre-dyed-gown-dress/p/466290063_green
Women Fit & Flared Dress with Dupatta,BLACK SCISSOR,75,1705.00,6818.00,3.8,4,Women,Dresses & Gowns,/black-scissor-women-fit--flared-dress-with-dupatta/p/467224764_pink
Striped Fit & Flare Dress,Indibelle,70,810.00,2699.00,3.5,13,Women,Dresses & Gowns,/indibelle-striped-fit--flare-dress/p/466848467_green
Women Printed A-Line Dress,FUSION,0%,1299.00,1299.00,0,0,Women,Dresses & Gowns,/fusion-women-printed-a-line-dress/p/443040592_white
Women Geometric Print Fit & Flare Dress,FUSION,29,1029.00,1449.00,3.9,68,Women,Dresses & Gowns,/fusion-women-geometric-print-fit--flare-dress/p/443027907_charcoal
Women Printed Fit & Flare Dress,YOUSTA,0%,799.00,799.00,3.7,42,Women,Dresses & Gowns,/yousta-women-printed-fit--flare-dress/p/442592917_purple
Embroidered Fit & Flare Dress with Jacket,AVAASA SET,52,1224.00,2549.00,3.8,244,Women,Dresses & Gowns,/avaasa-set-embroidered-fit--flare-dress-with-jacket/p/441148893_darkgreen
Square-Neck Tiered Dress,Raiyani Fashion,73,435.00,1610.00,3.6,133,Women,Dresses & Gowns,/raiyani-fashion-square-neck-tiered-dress/p/466583534_wine
Floral Print Fit & Flare Dress,NISHABD,57,999.00,2299.00,3.8,1.4000,Women,Dresses & Gowns,/nishabd-floral-print-fit--flare-dress/p/465505654_pink
Polka Print V-neck A-line Dress,FUSION,52,792.00,1649.00,3.7,2.5000,Women,Dresses & Gowns,/fusion-polka-print-v-neck-a-line-dress/p/441145734_indigo
Embroidered Gown Dress,Amira's Indian Ethnic Wear,72,1176.00,4199.00,3.6,228,Women,Dresses & Gowns,/amira-s-indian-ethnic-wear-embroidered-gown-dress/p/466225688_white
Printed Fit & Flare Dress,Stylum,69,620.00,1999.00,3.7,3.4000,Women,Dresses & Gowns,/stylum-printed-fit--flare-dress/p/464510825_blue
Printed V-Neck A-Line Dress,FUSION,52,792.00,1649.00,4.1,176,Women,Dresses & Gowns,/fusion-printed-v-neck-a-line-dress/p/441149767_white
Women Embroidered Fit & Flare Dress,FUSION,0%,1299.00,1299.00,3.5,4,Women,Dresses & Gowns,/fusion-women-embroidered-fit--flare-dress/p/443025092_pink
Floral Print Fit & Flare Dress,Tissu,66,986.00,2899.00,4.3,31,Women,Dresses & Gowns,/tissu-floral-print-fit--flare-dress/p/466420145_multi
Geometric Print A-Line Dress,Acai,75,500.00,1999.00,3.3,32,Women,Dresses & Gowns,/acai-geometric-print-a-line-dress/p/469186101_grey
Embroidered Gown Dress,Amira's Indian Ethnic Wear,69,1860.00,5999.00,4.1,128,Women,Dresses & Gowns,/amira-s-indian-ethnic-wear-embroidered-gown-dress/p/466631718_white
Women Chevron Print Fit & Flare Dress,FUSION,0%,999.00,999.00,3.9,9,Women,Dresses & Gowns,/fusion-women-chevron-print-fit--flare-dress/p/443032889_pink
Women Floral Print Fit & Flare Dress,YOUSTA,0%,799.00,799.00,4.5,36,Women,Dresses & Gowns,/yousta-women-floral-print-fit--flare-dress/p/442592911_lilac
Floral Fit and Flare Dress,BLACK SCISSOR,65,875.00,2499.00,2.7,144,Women,Dresses & Gowns,/black-scissor-floral-fit-and-flare-dress/p/466771563_black
Printed Fit & Flare Dress,AVAASA SET,29,1810.00,2549.00,3.8,124,Women,Dresses & Gowns,/avaasa-set-printed-fit--flare-dress/p/443013195_rosegold
Printed A-Line Dress with Fabric Belt,Fashor,53,1269.00,2699.00,4,55,Women,Dresses & Gowns,/fashor-printed-a-line-dress-with-fabric-belt/p/466511296_offwhite
Elephant Print A-Line Dress,InWeave,57,1290.00,2999.00,3.7,47,Women,Dresses & Gowns,/inweave-elephant-print-a-line-dress/p/465868851_blue
Women Printed Relaxed Fit Fit & Flare Dress,SIYAHI,0%,899.00,899.00,4,6,Women,Dresses & Gowns,/siyahi-women-printed-relaxed-fit-fit--flare-dress/p/443027015_lime
Embroidered Wrap Dress,FUSION,29,1313.00,1849.00,4.4,20,Women,Dresses & Gowns,/fusion-embroidered-wrap-dress/p/443021020_purple
Printed A-Line Dress,FUSION,50,925.00,1849.00,3.9,269,Women,Dresses & Gowns,/fusion-printed-a-line-dress/p/443015906_pink
Hand Tie & Dye A-Line Dress,Indie Picks,68,799.00,2498.00,3.3,7,Women,Dresses & Gowns,/indie-picks-hand-tie--dye-a-line-dress/p/467110736_blue
Women Floral Print Relaxed Fit Tiered Dress,FUSION,0%,1699.00,1699.00,4.2,77,Women,Dresses & Gowns,/fusion-women-floral-print-relaxed-fit-tiered-dress/p/443032890_white
Women Embroidered Fit & Flare Dress,AVAASA SET,0%,1699.00,1699.00,3.8,33,Women,Dresses & Gowns,/avaasa-set-women-embroidered-fit--flare-dress/p/443025171_plum
Foil Print Empire Midi Dress,AVAASA SET,52,936.00,1949.00,3.8,477,Women,Dresses & Gowns,/avaasa-set-foil-print-empire-midi-dress/p/443008093_ltgrey
Women Embellished Bodycon Dress,Thapnath,42,2319.00,3999.00,3.1,14,Women,Dresses & Gowns,/thapnath-women-embellished-bodycon-dress/p/467243413_black
Women Printed Shift Dress,YOUSTA,0%,599.00,599.00,4,5,Women,Dresses & Gowns,/yousta-women-printed-shift-dress/p/442585010_green
Women Animal Print Flared Gown Dress,Fashionuma,64,785.00,2199.00,0,0,Women,Dresses & Gowns,/fashionuma-women-animal-print-flared-gown-dress/p/467266335_blue
Floral Print Fit & Flare Dress with Tie-Up,FUSION,52,792.00,1649.00,4.1,1.7000,Women,Dresses & Gowns,/fusion-floral-print-fit--flare-dress-with-tie-up/p/443000390_ltyellow
Women Floral Print Round-Neck Fit & Flare Dress,AVAASA SET,0%,2799.00,2799.00,3.7,6,Women,Dresses & Gowns,/avaasa-set-women-floral-print-round-neck-fit--flare-dress/p/443033147_mint
Floral Print Fit & Flare Dress,FUSION,49,841.00,1649.00,3.8,168,Women,Dresses & Gowns,/fusion-floral-print-fit--flare-dress/p/443021028_purple
Women Printed A-Line Dress,FUSION,0%,999.00,999.00,4.1,8,Women,Dresses & Gowns,/fusion-women-printed-a-line-dress/p/443032896_white
Women Printed Fit & Flare Dress,FUSION,29,780.00,1099.00,3.9,79,Women,Dresses & Gowns,/fusion-women-printed-fit--flare-dress/p/443028175_green
Women Fit & Flare Dress with Embroidered Yoke,FUSION,0%,1499.00,1499.00,3.8,16,Women,Dresses & Gowns,/fusion-women-fit--flare-dress-with-embroidered-yoke/p/443032895_ltblue
Printed A-Line Dress,FUSION,52,888.00,1849.00,3.9,260,Women,Dresses & Gowns,/fusion-printed-a-line-dress/p/441149499_pink
Women Printed Fit & Flare Dress,FUSION,29,780.00,1099.00,3.9,169,Women,Dresses & Gowns,/fusion-women-printed-fit--flare-dress/p/443028305_pink
Women Embroidered Tiered Dress,Antaran,66,850.00,2499.00,4,159,Women,Dresses & Gowns,/antaran-women-embroidered-tiered-dress/p/466850750_green
Printed Fit & Flare Dress,FUSION,49,841.00,1649.00,3.8,119,Women,Dresses & Gowns,/fusion-printed-fit--flare-dress/p/443021017_burgandy
Printed Fit & Flare Dress with Tie-Up,FUSION,29,851.00,1199.00,4.2,456,Women,Dresses & Gowns,/fusion-printed-fit--flare-dress-with-tie-up/p/443021422_fuchsia
Women Floral Print Fit & Flare Dress,FUSION,0%,999.00,999.00,0,0,Women,Dresses & Gowns,/fusion-women-floral-print-fit--flare-dress/p/443040591_offwhite
Women Ikat Print Fit & Flare Dress,FUSION,29,780.00,1099.00,3.7,157,Women,Dresses & Gowns,/fusion-women-ikat-print-fit--flare-dress/p/443028162_wine
Women Embroidered V-Neck Flared Dress,AVAASA SET,0%,2999.00,2999.00,4,3,Women,Dresses & Gowns,/avaasa-set-women-embroidered-v-neck-flared-dress/p/443025388_aqua
Women Floral Print Fit & Flare Dress,DECKEDUP,65,805.00,2299.00,2.9,50,Women,Dresses & Gowns,/deckedup-women-floral-print-fit--flare-dress/p/466773906_brown
Ikat Print Mock Jacket A-Line Dress,FUSION,52,888.00,1849.00,4.1,286,Women,Dresses & Gowns,/fusion-ikat-print-mock-jacket-a-line-dress/p/441149765_ltblue
Women Floral Print Fit & Flare Dress,AVAASA SET,0%,1999.00,1999.00,4,10,Women,Dresses & Gowns,/avaasa-set-women-floral-print-fit--flare-dress/p/443035865_mauve
Indian Fit And Flare  Dress,GLAM ROOTS,54,920.00,1999.00,3.5,2.3000,Women,Dresses & Gowns,/glam-roots-indian-fit-and-flare-dress/p/463624230_blue
Printed Boat-Neck A-Line Dress,FUSION,52,696.00,1449.00,3.5,490,Women,Dresses & Gowns,/fusion-printed-boat-neck-a-line-dress/p/443001078_wine
Floral Print Fit & Flare Dress,FUSION,52,888.00,1849.00,4,1000,Women,Dresses & Gowns,/fusion-floral-print-fit--flare-dress/p/443008911_wine
Printed A-Line Dress with Ruffled Neckline,FUSION,52,696.00,1449.00,3.9,148,Women,Dresses & Gowns,/fusion-printed-a-line-dress-with-ruffled-neckline/p/443008091_yellow
Embellished Round-Neck Tiered Dress,MADHURAM TEXTILES,57,1498.00,3499.00,4,1.3000,Women,Dresses & Gowns,/madhuram-textiles-embellished-round-neck-tiered-dress/p/464904683_blue
Embellished & Embroidered Gown Dress,MADHURAM TEXTILES,73,1890.00,6999.00,4.2,73,Women,Dresses & Gowns,/madhuram-textiles-embellished--embroidered-gown-dress/p/466670795_maroon
Applique Gown Dress,VISHWASH ENTERPRISE,50,1300.00,2600.00,3.3,36,Women,Dresses & Gowns,/vishwash-enterprise-applique-gown-dress/p/466981130_yellow
Women Embroidered Fit & Flare Dress,FUSION,0%,1299.00,1299.00,0,0,Women,Dresses & Gowns,/fusion-women-embroidered-fit--flare-dress/p/443035516_offwhite
Women Floral Embroidered Tiered Dress,FUSION,0%,999.00,999.00,3.7,29,Women,Dresses & Gowns,/fusion-women-floral-embroidered-tiered-dress/p/443034569_white
Floral Print Round-Neck A-Line Dress,AVAASA SET,52,1128.00,2349.00,4.1,296,Women,Dresses & Gowns,/avaasa-set-floral-print-round-neck-a-line-dress/p/443008058_blue
Floral Print A-Line Dress with Side Tie-Up,FUSION,52,792.00,1649.00,3.9,270,Women,Dresses & Gowns,/fusion-floral-print-a-line-dress-with-side-tie-up/p/443008077_yellow
Women Printed Fit & Flare Dress,FUSION,29,709.00,999.00,4.1,66,Women,Dresses & Gowns,/fusion-women-printed-fit--flare-dress/p/443025564_blue
Foil Print Fit & Flare Dress,FUSION,49,841.00,1649.00,3.5,68,Women,Dresses & Gowns,/fusion-foil-print-fit--flare-dress/p/443016274_navy
Women Tiered Dress with Overlay,AVAASA SET,0%,2199.00,2199.00,4.3,3,Women,Dresses & Gowns,/avaasa-set-women-tiered-dress-with-overlay/p/443037225_offwhite
Women Floral Embroidered Fit & Flare Dress with Dupatta,BLACK SCISSOR,75,1705.00,6818.00,2.5,28,Women,Dresses & Gowns,/black-scissor-women-floral-embroidered-fit--flare-dress-with-dupatta/p/467142098_black
Women V-Neck Gown Dress,Jash Creation,69,499.00,1610.00,3.5,33,Women,Dresses & Gowns,/jash-creation-women-v-neck-gown-dress/p/466576634_black
Tie & Dye Round-Neck Fit & Flare Dress,Indie Picks,67,824.00,2499.00,3.7,68,Women,Dresses & Gowns,/indie-picks-tie--dye-round-neck-fit--flare-dress/p/466923365_black
Floral Print Fit & Flare Dress,FUSION,49,841.00,1649.00,3.8,168,Women,Dresses & Gowns,/fusion-floral-print-fit--flare-dress/p/443021028_fuchsia
Women Floral Print Tiered Dress,YOUSTA,0%,899.00,899.00,4.9,15,Women,Dresses & Gowns,/yousta-women-floral-print-tiered-dress/p/442525850_ivory
Printed Round-Neck A-Line Dress,FUSION,52,696.00,1449.00,4,474,Women,Dresses & Gowns,/fusion-printed-round-neck-a-line-dress/p/443008926_magntafusha
Printed A-Line Double Layered Dress,FUSION,52,888.00,1849.00,3.8,729,Women,Dresses & Gowns,/fusion-printed-a-line-double-layered-dress/p/443008917_offwhite
Women Floral Print Fit & Flare Dress,FUSION,0%,1299.00,1299.00,0,0,Women,Dresses & Gowns,/fusion-women-floral-print-fit--flare-dress/p/443042077_turq
Foil Print A-Line Dress,FUSION,49,943.00,1849.00,4,82,Women,Dresses & Gowns,/fusion-foil-print-a-line-dress/p/443016650_mediumblue
Women Embroidered A-Line Dress,AVAASA SET,0%,2399.00,2399.00,4.7,6,Women,Dresses & Gowns,/avaasa-set-women-embroidered-a-line-dress/p/443025009_ecru
Women Printed Tiered Dress,FUSION,0%,1499.00,1499.00,4.4,16,Women,Dresses & Gowns,/fusion-women-printed-tiered-dress/p/443034746_blue
Printed A-Line Dress,FUSION,50,725.00,1449.00,4,766,Women,Dresses & Gowns,/fusion-printed-a-line-dress/p/443015903_offwhite
Printed A-Line Dress with Elasticated Waist,LABEL RITU KUMAR,50,2250.00,4500.00,4.1,14,Women,Dresses & Gowns,/label-ritu-kumar-printed-a-line-dress-with-elasticated-waist/p/410333648_olive
Embellished Fit & Flare Dress,FUSION,50,925.00,1849.00,3.8,150,Women,Dresses & Gowns,/fusion-embellished-fit--flare-dress/p/443016484_mint
Women Embroidered Fit & Flared Dress,FUSION,29,1171.00,1649.00,4,72,Women,Dresses & Gowns,/fusion-women-embroidered-fit--flared-dress/p/443021014_mint
Women Printed Tiered Dress,SIYAHI,0%,999.00,999.00,3.8,9,Women,Dresses & Gowns,/siyahi-women-printed-tiered-dress/p/443033711_red
Women Floral Print Fit & Flare Dress,FUSION,29,780.00,1099.00,4.1,130,Women,Dresses & Gowns,/fusion-women-floral-print-fit--flare-dress/p/443027902_coral
Floral Print Fit & Flare Dress,AVAASA SET,49,1096.00,2149.00,3.7,117,Women,Dresses & Gowns,/avaasa-set-floral-print-fit--flare-dress/p/443020377_mahogany
Floral Print A-line Dress,FUSION,52,792.00,1649.00,4.1,1.7000,Women,Dresses & Gowns,/fusion-floral-print-a-line-dress/p/443000390_aqua
Printed V-Neck Fit & Flare Dress,AVAASA SET,52,936.00,1949.00,4,329,Women,Dresses & Gowns,/avaasa-set-printed-v-neck-fit--flare-dress/p/443007965_ltgreen
Women Printed Relaxed Fit A-Line Dress,FUSION,0%,999.00,999.00,4.2,5,Women,Dresses & Gowns,/fusion-women-printed-relaxed-fit-a-line-dress/p/443035550_white
Striped Fit & Flare Dress,YOUSTA,0%,699.00,699.00,0,0,Women,Dresses & Gowns,/yousta-striped-fit--flare-dress/p/442250508_yellow
Fit & Flare Dress with Batik Print Dupatta,Janasya,47,1589.00,2999.00,3.9,647,Women,Dresses & Gowns,/janasya-fit--flare-dress-with-batik-print-dupatta/p/463843256_black
Floral Print Gown Dress,FTDIVA,72,849.00,2995.00,3.6,588,Women,Dresses & Gowns,/ftdiva-floral-print-gown-dress/p/464223985_blue
Women Gown with Puff Sleeves,Jash Creation,69,499.00,1610.00,2.5,16,Women,Dresses & Gowns,/jash-creation-women-gown-with-puff-sleeves/p/466791288_blue
Women Foil Print Fit & Flare Dress,AVAASA SET,29,1419.00,1999.00,4,94,Women,Dresses & Gowns,/avaasa-set-women-foil-print-fit--flare-dress/p/443025190_navy
Foil Print A-line with Jacket,AVAASA SET,52,1320.00,2749.00,3.8,132,Women,Dresses & Gowns,/avaasa-set-foil-print-a-line-with-jacket/p/443008185_green
Women Floral Print Tiered Dress,PINK VYBE,56,880.00,1999.00,0,0,Women,Dresses & Gowns,/pink-vybe-women-floral-print-tiered-dress/p/467152931_yellow
Floral Print A-Line Dress,FUSION,52,792.00,1649.00,3.6,68,Women,Dresses & Gowns,/fusion-floral-print-a-line-dress/p/443010184_offwhite
Women Ikat Print Fit & Flare Dress,FUSION,29,780.00,1099.00,3.7,157,Women,Dresses & Gowns,/fusion-women-ikat-print-fit--flare-dress/p/443028162_wine
Women Embroidered Empire Dress,FUSION,29,1064.00,1499.00,3.3,40,Women,Dresses & Gowns,/fusion-women-embroidered-empire-dress/p/443032660_green
Striped A-Line Dress with Seashell Belt Detail,FUSIONIC,50,2375.00,4750.00,3,4,Women,Dresses & Gowns,/fusionic-striped-a-line-dress-with-seashell-belt-detail/p/467198485_multi
Women Embroidered Fit & Flare Dress,FUSION,0%,1299.00,1299.00,0,0,Women,Dresses & Gowns,/fusion-women-embroidered-fit--flare-dress/p/443036155_mustard
Printed Fit & Flare Dress with Embellished Yoke,AVAASA SET,52,1032.00,2149.00,4,461,Women,Dresses & Gowns,/avaasa-set-printed-fit--flare-dress-with-embellished-yoke/p/443010365_mint
Embellished A-Line Dress with Overlay,AVAASA SET,50,1575.00,3149.00,3.9,136,Women,Dresses & Gowns,/avaasa-set-embellished-a-line-dress-with-overlay/p/443013876_beige
Fit & Flare Dress with Woven Motifs,AVAASA SET,52,1128.00,2349.00,3.9,259,Women,Dresses & Gowns,/avaasa-set-fit--flare-dress-with-woven-motifs/p/443007724_lilac
Embroidered A-Line Dress,AVAASA SET,50,2575.00,5149.00,3.6,228,Women,Dresses & Gowns,/avaasa-set-embroidered-a-line-dress/p/443013890_rosegold
Block Print Layered A-Line Dress,AVAASA SET,49,1504.00,2949.00,4.1,66,Women,Dresses & Gowns,/avaasa-set-block-print-layered-a-line-dress/p/443013891_darkgreen
Floral Print Fit & Flare Dress,FUSION,52,888.00,1849.00,4,1000,Women,Dresses & Gowns,/fusion-floral-print-fit--flare-dress/p/443008911_wine
Zari Woven Straight Double Layered Kurta,AVAASA SET,29,1526.00,2149.00,3.8,78,Women,Dresses & Gowns,/avaasa-set-zari-woven-straight-double-layered-kurta/p/443020367_pistagreen
Floral Print Sequinned A-Line Dress,FUSION,49,841.00,1649.00,4.1,79,Women,Dresses & Gowns,/fusion-floral-print-sequinned-a-line-dress/p/443016372_rosegold
Embroidered Flared Dress with Belt,AVAASA SET,52,888.00,1849.00,4,552,Women,Dresses & Gowns,/avaasa-set-embroidered-flared-dress-with-belt/p/441149114_blue
Embellished Fit & Flare Dress with Dupatta,KEDAR FAB,69,1240.00,3999.00,2.6,211,Women,Dresses & Gowns,/kedar-fab-embellished-fit--flare-dress-with-dupatta/p/466387472_pink
Bandhani Print Fit & Flare Dress,FUSION,52,792.00,1649.00,3.8,2.1000,Women,Dresses & Gowns,/fusion-bandhani-print-fit--flare-dress/p/441145733_wine
Printed Fit & Flare Dress with Waist Tie-Up,FUSION,52,792.00,1649.00,3.7,1000,Women,Dresses & Gowns,/fusion-printed-fit--flare-dress-with-waist-tie-up/p/441142266_rust
Women Printed Fit & Flare Dress,FUSION,0%,1699.00,1699.00,4,6,Women,Dresses & Gowns,/fusion-women-printed-fit--flare-dress/p/443034568_mediumblue
Women Floral Print Fit & Flare Dress,FUSION,0%,999.00,999.00,3.8,10,Women,Dresses & Gowns,/fusion-women-floral-print-fit--flare-dress/p/443026346_peach
Embroidered Yoke A-Line Dress,FUSION,52,792.00,1649.00,4,310,Women,Dresses & Gowns,/fusion-embroidered-yoke-a-line-dress/p/443008085_aqua
Women Printed Fit & Flare Dress,FUSION,0%,999.00,999.00,4.1,66,Women,Dresses & Gowns,/fusion-women-printed-fit--flare-dress/p/443025564_coral
Printed Fit & Flare Chanderi Dress,AVAASA SET,29,1419.00,1999.00,3.6,316,Women,Dresses & Gowns,/avaasa-set-printed-fit--flare-chanderi-dress/p/443014970_wine
Women Foil Print Fit & Flare Dress,AVAASA SET,0%,1999.00,1999.00,4,23,Women,Dresses & Gowns,/avaasa-set-women-foil-print-fit--flare-dress/p/443025188_oldrose
Women Checked A-line Dress,YUFTA,52,1200.00,2499.00,3.3,9,Women,Dresses & Gowns,/yufta-women-checked-a-line-dress/p/467046821_pink
Floral Print Wrap Dress,DECKEDUP,65,945.00,2699.00,3.9,228,Women,Dresses & Gowns,/deckedup-floral-print-wrap-dress/p/465460405_blue
Floral Print Flared Dress,AVAASA SET,30,1679.00,2399.00,4,197,Women,Dresses & Gowns,/avaasa-set-floral-print-flared-dress/p/443015341_blue
Striped A-Line Dress with Waist Tie-Up,FUSION,49,841.00,1649.00,4.2,38,Women,Dresses & Gowns,/fusion-striped-a-line-dress-with-waist-tie-up/p/443015907_mint
Embroidered Flared Kurta,AVAASA SET,29,1952.00,2749.00,4.2,104,Women,Dresses & Gowns,/avaasa-set-embroidered-flared-kurta/p/443013881_grey
Floral Print Fit & Flare Dress,Aarke Ritu Kumar,60,1160.00,2900.00,3.6,33,Women,Dresses & Gowns,/aarke-ritu-kumar-floral-print-fit--flare-dress/p/410334496_turq
Bandhani Print Fit & Flare Dress,FUSION,52,1032.00,2149.00,3.7,1.3000,Women,Dresses & Gowns,/fusion-bandhani-print-fit--flare-dress/p/441145738_wine
Floral Print A-Line Dress,FUSION,52,696.00,1449.00,3.8,565,Women,Dresses & Gowns,/fusion-floral-print-a-line-dress/p/443008440_ltgreen
Women Printed Tiered Dress,SIYAHI,0%,899.00,899.00,4.2,30,Women,Dresses & Gowns,/siyahi-women-printed-tiered-dress/p/443027599_lime
Printed A-Line Dress with Tie-up,FUSION,52,888.00,1849.00,4,780,Women,Dresses & Gowns,/fusion-printed-a-line-dress-with-tie-up/p/441149377_mint
Women Floral Print Tiered Dress,FUSION,0%,999.00,999.00,3.7,23,Women,Dresses & Gowns,/fusion-women-floral-print-tiered-dress/p/443032706_pink
Women Printed V-Neck Flared Dress,FUSION,29,709.00,999.00,3.8,38,Women,Dresses & Gowns,/fusion-women-printed-v-neck-flared-dress/p/443032891_black
Women Printed Tiered Dress,YOUSTA,0%,699.00,699.00,3.3,25,Women,Dresses & Gowns,/yousta-women-printed-tiered-dress/p/442599789_mustard
Embroidered Gown Dress,Florely,45,1649.00,2999.00,3,19,Women,Dresses & Gowns,/florely-embroidered-gown-dress/p/466559053_teal
Geometric Print A-Line Dress with Stole,Svrnaa,0%,2799.00,2799.00,0,0,Women,Dresses & Gowns,/svrnaa-geometric-print-a-line-dress-with-stole/p/443004941_black
Women Embroidered Relaxed Fit Tiered Dress,FUSION,0%,1699.00,1699.00,3.9,18,Women,Dresses & Gowns,/fusion-women-embroidered-relaxed-fit-tiered-dress/p/443032900_white
A-Line Dress with Embroidered Yoke,FUSION,50,825.00,1649.00,3.4,173,Women,Dresses & Gowns,/fusion-a-line-dress-with-embroidered-yoke/p/443016267_rust
Women Embellished Gown Dress,YoYo Fashion,68,1475.00,4609.00,3.8,6,Women,Dresses & Gowns,/yoyo-fashion-women-embellished-gown-dress/p/467271073_purple
Floral Print Fit & Flare Dress,DECKEDUP,65,840.00,2399.00,3.3,479,Women,Dresses & Gowns,/deckedup-floral-print-fit--flare-dress/p/465868909_navy
Floral Print Fit & Flare Dress,DECKEDUP,65,945.00,2699.00,3.6,39,Women,Dresses & Gowns,/deckedup-floral-print-fit--flare-dress/p/466641017_beige
Women Embroidered Tiered Dress,FUSION,0%,1699.00,1699.00,3.4,16,Women,Dresses & Gowns,/fusion-women-embroidered-tiered-dress/p/443032707_yellow
Foil Print Flared Dress,AVAASA SET,52,1032.00,2149.00,3.9,140,Women,Dresses & Gowns,/avaasa-set-foil-print-flared-dress/p/441149117_mint
Women Floral Print Relaxed Fit Layered Dress,FUSION,0%,1699.00,1699.00,3.5,10,Women,Dresses & Gowns,/fusion-women-floral-print-relaxed-fit-layered-dress/p/443026085_offwhite
Floral Fit and Flare Dress,NISHABD,61,899.00,2299.00,3.5,361,Women,Dresses & Gowns,/nishabd-floral-fit-and-flare-dress/p/466732154_blue
Embroidered A-Line Dress,AVAASA SET,50,2575.00,5149.00,3.6,228,Women,Dresses & Gowns,/avaasa-set-embroidered-a-line-dress/p/443013890_rosegold
Panelled Fit & Flare Dress,HELLO DESIGN,65,700.00,1999.00,3.5,284,Women,Dresses & Gowns,/hello-design-panelled-fit--flare-dress/p/462076842_yellow
Printed Fit & Flare Dress,AVAASA SET,29,1952.00,2749.00,4.3,169,Women,Dresses & Gowns,/avaasa-set-printed-fit--flare-dress/p/443014965_plum
Floral Print Fit & Flare Maxi Dress,AVAASA SET,52,888.00,1849.00,3.9,230,Women,Dresses & Gowns,/avaasa-set-floral-print-fit--flare-maxi-dress/p/443010302_burgandy
Women Printed Tiered Dress with Jacket,SIYAHI,0%,1299.00,1299.00,4.2,6,Women,Dresses & Gowns,/siyahi-women-printed-tiered-dress-with-jacket/p/443033371_lilac
Women Printed A-Line Dress,YOUSTA,0%,699.00,699.00,4.4,9,Women,Dresses & Gowns,/yousta-women-printed-a-line-dress/p/442592899_peach
Graphic Print Gown Dress,Amira's Indian Ethnic Wear,69,1674.00,5399.00,3.7,1000,Women,Dresses & Gowns,/amira-s-indian-ethnic-wear-graphic-print-gown-dress/p/464498909_orange
Women Relaxed Fit Drop-Waist Dress,FUSION,0%,1499.00,1499.00,3.8,20,Women,Dresses & Gowns,/fusion-women-relaxed-fit-drop-waist-dress/p/443032785_lime
Floral Print A-line Dress,FUSION,52,792.00,1649.00,4.1,1.7000,Women,Dresses & Gowns,/fusion-floral-print-a-line-dress/p/443000390_ltpink
Geometric Printed A-line Dress,YOUSTA,0%,599.00,599.00,3.4,9,Women,Dresses & Gowns,/yousta-geometric-printed-a-line-dress/p/442250448_darkblue
Women Embellished Fit & Flared Dress,Thapnath,46,1889.00,3499.00,2.5,15,Women,Dresses & Gowns,/thapnath-women-embellished-fit--flared-dress/p/467250987_copper
Embroidered Fit & Flare Dress,AVAASA SET,52,1416.00,2949.00,3.9,367,Women,Dresses & Gowns,/avaasa-set-embroidered-fit--flare-dress/p/443008180_aqua
Embroidered A-line Kurta,FUSION,52,792.00,1649.00,3.9,279,Women,Dresses & Gowns,/fusion-embroidered-a-line-kurta/p/443000378_white
Printed A-Line Kurta with Waist Tie-Up,FUSION,52,1032.00,2149.00,3.5,2.1000,Women,Dresses & Gowns,/fusion-printed-a-line-kurta-with-waist-tie-up/p/441146024_maroon
Printed A-Line Dress with Jacket,AVAASA SET,52,1416.00,2949.00,3.9,376,Women,Dresses & Gowns,/avaasa-set-printed-a-line-dress-with-jacket/p/443008170_peach
Women Fit & Flare Dress,AVAASA SET,0%,2399.00,2399.00,3.6,17,Women,Dresses & Gowns,/avaasa-set-women-fit--flare-dress/p/443025213_burgandy
Round-Neck A-Line Dress,AVAASA SET,52,1032.00,2149.00,4,910,Women,Dresses & Gowns,/avaasa-set-round-neck-a-line-dress/p/443007916_blue
Women Printed A-Line Dress,AVAASA SET,29,1419.00,1999.00,4,66,Women,Dresses & Gowns,/avaasa-set-women-printed-a-line-dress/p/443026078_red
Foil Print Fit & Flare Dress,AVAASA SET,29,1810.00,2549.00,4.3,81,Women,Dresses & Gowns,/avaasa-set-foil-print-fit--flare-dress/p/443020885_burgandy
Women Floral Print Tiered Dress,Biba,0%,2999.00,2999.00,3.8,5,Women,Dresses & Gowns,/biba-women-floral-print-tiered-dress/p/442409844_green
Gown with Cold-Shoulder Sleeves ,FEMVY,73,435.00,1610.00,3.1,524,Women,Dresses & Gowns,/femvy-gown-with-cold-shoulder-sleeves-/p/466273934_teal
Women Printed A-Line Dress,AVAASA SET,0%,2399.00,2399.00,3.7,3,Women,Dresses & Gowns,/avaasa-set-women-printed-a-line-dress/p/443033188_magntafusha
Embroidered Fit & Flare Dress with Waist Tie-Up,FUSION,49,841.00,1649.00,4.1,89,Women,Dresses & Gowns,/fusion-embroidered-fit--flare-dress-with-waist-tie-up/p/443021023_seagreen
Printed A-Line Double Layered Dress,FUSION,52,888.00,1849.00,3.8,729,Women,Dresses & Gowns,/fusion-printed-a-line-double-layered-dress/p/443008917_offwhite
Square Neck Gown Dress,ESTELA,73,972.00,3599.00,3.4,157,Women,Dresses & Gowns,/estela-square-neck-gown-dress/p/466604034_black
V-Neck Tiered Dress with Smocked Waist,FEMVY,73,435.00,1610.00,3.2,1.5000,Women,Dresses & Gowns,/femvy-v-neck-tiered-dress-with-smocked-waist/p/466287651_teal
V-Neck Tiered Dress with Smocked Waist,FEMVY,73,435.00,1610.00,3.2,1.5000,Women,Dresses & Gowns,/femvy-v-neck-tiered-dress-with-smocked-waist/p/466287651_black
Women Swiss-Dot Fit & Flare Dress,FUSION,0%,1499.00,1499.00,3.7,81,Women,Dresses & Gowns,/fusion-women-swiss-dot-fit--flare-dress/p/443032893_darkblue
Women Printed Fit & Flare Dress with Cape Sleeves,Indibelle,70,720.00,2399.00,3.9,288,Women,Dresses & Gowns,/indibelle-women-printed-fit--flare-dress-with-cape-sleeves/p/466839376_blue
Embroidered Fit & Flare Gown Dress with Dupatta,KEDAR FAB,72,1120.00,3999.00,1.9,186,Women,Dresses & Gowns,/kedar-fab-embroidered-fit--flare-gown-dress-with-dupatta/p/466386671_blue
Women Sweatheart-Neck Gown Dress,MAGNETISM,50,2500.00,4999.00,0,0,Women,Dresses & Gowns,/magnetism-women-sweatheart-neck-gown-dress/p/467311858_pink
Floral Print Fit and Flare Dress,AZIRA,52,999.00,2099.00,4.1,308,Women,Dresses & Gowns,/azira-floral-print-fit-and-flare-dress/p/466530877_blue
Printed Fit & Flare Dress with Tie-Up,FUSION,29,851.00,1199.00,4.2,456,Women,Dresses & Gowns,/fusion-printed-fit--flare-dress-with-tie-up/p/443021422_aqua
Women Embroidered Gown Dress,KEDAR FAB,61,1170.00,2999.00,2.6,16,Women,Dresses & Gowns,/kedar-fab-women-embroidered-gown-dress/p/466977059_black
Floral Print Fit & Flare Dress,AVAASA SET,52,1032.00,2149.00,4,516,Women,Dresses & Gowns,/avaasa-set-floral-print-fit--flare-dress/p/441149119_rosegold
Printed A-Line Dress with Seashell Details,FUSIONIC,50,3050.00,6100.00,2.3,14,Women,Dresses & Gowns,/fusionic-printed-a-line-dress-with-seashell-details/p/467198491_lime
Floral Printed Fit & Flare Dress,MAGNETISM,20,1759.00,2199.00,0,0,Women,Dresses & Gowns,/magnetism-floral-printed-fit--flare-dress/p/466380554_beige
Women Fit & Flare Dress,AVAASA SET,29,1703.00,2399.00,3.9,69,Women,Dresses & Gowns,/avaasa-set-women-fit--flare-dress/p/443025815_mustard
Printed Fit & Flare Dress,AVAASA SET,50,1475.00,2949.00,4.2,207,Women,Dresses & Gowns,/avaasa-set-printed-fit--flare-dress/p/443013886_blue
Printed V-Neck A-Line Dress,AVAASA SET,52,1032.00,2149.00,4,593,Women,Dresses & Gowns,/avaasa-set-printed-v-neck-a-line-dress/p/443007994_rosegold
Embroidered Fit & Flare Dress,FUSION,49,841.00,1649.00,3.9,186,Women,Dresses & Gowns,/fusion-embroidered-fit--flare-dress/p/443016270_ltpeach
Women Embroidered Fit & Flare Dress,FUSION,29,1029.00,1449.00,4.3,66,Women,Dresses & Gowns,/fusion-women-embroidered-fit--flare-dress/p/443027905_navy
Women Square-Neck Gown Dress,MAGNETISM,50,2500.00,4999.00,0,0,Women,Dresses & Gowns,/magnetism-women-square-neck-gown-dress/p/467311861_maroon
Paisley Print Fit & Flare Dress,BLACK SCISSOR,80,1000.00,4999.00,3.7,815,Women,Dresses & Gowns,/black-scissor-paisley-print-fit--flare-dress/p/466485728_black
Women Relaxed Fit A-Line Dress with Embroidered,FUSION,0%,999.00,999.00,4.3,30,Women,Dresses & Gowns,/fusion-women-relaxed-fit-a-line-dress-with-embroidered/p/443034745_blue
Women Floral Print Fit & Flare Dress,AVAASA SET,0%,2399.00,2399.00,3.8,41,Women,Dresses & Gowns,/avaasa-set-women-floral-print-fit--flare-dress/p/443025390_red
Foil Print Fit & Flare Dress,FUSION,49,841.00,1649.00,4.1,189,Women,Dresses & Gowns,/fusion-foil-print-fit--flare-dress/p/443016881_mustard
Floral Print Fit & Flare Dress,DECKEDUP,65,945.00,2699.00,3.7,278,Women,Dresses & Gowns,/deckedup-floral-print-fit--flare-dress/p/466270294_blue
Printed A-Line Dress with Gathers,FUSION,49,739.00,1449.00,3.6,129,Women,Dresses & Gowns,/fusion-printed-a-line-dress-with-gathers/p/443016262_wine
Printed A-Line Dress,FUSION,29,1171.00,1649.00,4.2,83,Women,Dresses & Gowns,/fusion-printed-a-line-dress/p/443021048_navy
Floral Print A-Line Dress with Waist Tie-Up,FUSION,52,792.00,1649.00,3.9,595,Women,Dresses & Gowns,/fusion-floral-print-a-line-dress-with-waist-tie-up/p/443008083_ltpink
Printed Fit & Flare Dress,FUSION,49,841.00,1649.00,3.6,137,Women,Dresses & Gowns,/fusion-printed-fit--flare-dress/p/443021026_mustard
Printed Relaxed Fit Fit & Flare Dress,FUSION,49,841.00,1649.00,3.8,60,Women,Dresses & Gowns,/fusion-printed-relaxed-fit-fit--flare-dress/p/443021013_darkblue
Printed A-Line Dress,FUSION,49,943.00,1849.00,4,491,Women,Dresses & Gowns,/fusion-printed-a-line-dress/p/443021018_ltpeach
Women Floral Print Fit & Flare Dress,FUSION,29,1029.00,1449.00,4.4,67,Women,Dresses & Gowns,/fusion-women-floral-print-fit--flare-dress/p/443027906_turq
Floral Print Fit & Flare Dress,FUSION,52,792.00,1649.00,4,631,Women,Dresses & Gowns,/fusion-floral-print-fit--flare-dress/p/443008086_mint
Leaf Print Relaxed Fit Fit & Flare Dress,FUSION,29,709.00,999.00,4.1,125,Women,Dresses & Gowns,/fusion-leaf-print-relaxed-fit-fit--flare-dress/p/443028178_yellow
Women Floral Print Fit & Flare Dress,FUSION,0%,1699.00,1699.00,4.1,25,Women,Dresses & Gowns,/fusion-women-floral-print-fit--flare-dress/p/443034574_pink
Floral Print Empire Dress with Jacket,AVAASA SET,52,1128.00,2349.00,4,325,Women,Dresses & Gowns,/avaasa-set-floral-print-empire-dress-with-jacket/p/441149059_burgandy
Printed Fit & Flare Dress with Tie-Up,FUSION,29,851.00,1199.00,4.2,456,Women,Dresses & Gowns,/fusion-printed-fit--flare-dress-with-tie-up/p/443021422_fuchsia
Printed A-Line Dress,FUSION,50,725.00,1449.00,4.1,276,Women,Dresses & Gowns,/fusion-printed-a-line-dress/p/443016326_black
Women Embroidered Motif Fit & Flare Dress,FUSION,0%,1499.00,1499.00,4.4,63,Women,Dresses & Gowns,/fusion-women-embroidered-motif-fit--flare-dress/p/443032897_ltblue
Printed V-Neck Fit & Flare Dress,FUSION,50,925.00,1849.00,3.9,386,Women,Dresses & Gowns,/fusion-printed-v-neck-fit--flare-dress/p/443016253_green
Floral Print Fit & Flare Dress,BLACK SCISSOR,80,1000.00,4999.00,2.8,123,Women,Dresses & Gowns,/black-scissor-floral-print-fit--flare-dress/p/466485724_multi
Striped A-Line Dress with Embroidered Yoke,FUSION,49,943.00,1849.00,3.7,117,Women,Dresses & Gowns,/fusion-striped-a-line-dress-with-embroidered-yoke/p/443016483_cream
Striped Printed Fit and Flare Dress,Jaipur Kurti,70,750.00,2499.00,3.7,2000,Women,Dresses & Gowns,/jaipur-kurti-striped-printed-fit-and-flare-dress/p/463203934_blue
Striped A-Line Dress,FUSION,49,943.00,1849.00,3.8,133,Women,Dresses & Gowns,/fusion-striped-a-line-dress/p/443016271_ltyellow
Floral Print A-Line Dress,FUSION,50,825.00,1649.00,3.5,106,Women,Dresses & Gowns,/fusion-floral-print-a-line-dress/p/443016273_fuchsia
Embroidered A-Line Dress,AVAASA SET,49,1504.00,2949.00,4.1,91,Women,Dresses & Gowns,/avaasa-set-embroidered-a-line-dress/p/443008178_plum
Women Floral Print Fit & Flare Dress,FUSION,29,1029.00,1449.00,3.9,43,Women,Dresses & Gowns,/fusion-women-floral-print-fit--flare-dress/p/443028299_ltpeach
